{	
	"ProgramData" : {
		"programName": 	"Computer Programming",
		"shortName": 		"CP",
		"schedule": 		"16-months/4 terms",
		"credential": 	"2 year Diploma"
	},
    "BreakfastMenu": [
        {"name": "HOT BREAKFAST SANDWICH", "price": 6.75, "cal": 350},
        {"name": "BAGEL B.E.L.T", "price": 4.75, "cal": 250},
        {"name": "HAS BROWN", "price": 5.75, "cal": 450},
        {"name": "EGGS", "price": 3.75, "cal": 300},
        {"name": "GRILLED WRAPS", "price": 8.75, "cal": 350}
    ],
    "LunchMenu": [
        {"name": "BEEF SANDWICHES", "price": 6.75, "cal": 350},
        {"name": "EGGS SANDWICHES", "price": 4.75, "cal": 250},
        {"name": "CHICKEN WRAPS", "price": 5.75, "cal": 450},
        {"name": "CHICKEN STRIPS", "price": 3.75, "cal": 300},
        {"name": "HAM & SWISS", "price": 8.75, "cal": 350}
    ],
    "DinnerMenu": [
        {"name": "CARROT GNOCCHI", "price": 16.75, "cal": 650},
        {"name": "STUFFED LAKE TROUT", "price": 24.75, "cal": 750},
        {"name": "STEAKS", "price": 15.75, "cal": 1450},
        {"name": "SEASONAL PASTA", "price": 13.75, "cal": 800},
        {"name": "SALMON & BROCOLLI", "price": 18.75, "cal": 1350}
    ]
}